-- Clear existing data first
DELETE FROM "BookingRooms";
DELETE FROM "Bookings";
DELETE FROM "Rooms";
DELETE FROM "Hotels";
DELETE FROM "RoomTypes";

-- Insert Room Types (Only Single, Double, Deluxe)
INSERT INTO "RoomTypes" ("Id", "Name", "MaxOccupancy") VALUES
(1, 'Single', 1),
(2, 'Double', 2),
(3, 'Deluxe', 3);

-- Insert 50 Hotels (Mix of British political addresses and fictional locations)
INSERT INTO "Hotels" ("Id", "Name", "Address", "PhoneNumber", "Email") VALUES
(1, 'The Westminster Palace Hotel', '10 Downing Street, Westminster, London SW1A 2AA', '+44-20-7930-4832', 'reservations@westminsterpalace.co.uk'),
(2, 'Big Ben Tower Suites', '123 Sesame Street, Camden, London NW1 8QG', '+44-20-7387-9876', 'bookings@bigbensuites.co.uk'),
(3, 'Buckingham Gardens Lodge', '221B Baker Street, Marylebone, London NW1 6XE', '+44-20-7224-3688', 'stay@buckinghamgardens.co.uk'),
(4, 'The Whitehall Grand', '11 Downing Street, Westminster, London SW1A 2AB', '+44-20-7219-3000', 'info@whitehallgrand.co.uk'),
(5, 'Parliament House Hotel', '1 Parliament Square, Westminster, London SW1P 3BD', '+44-20-7222-5152', 'reservations@parliamenthouse.co.uk'),
(6, 'Tower Bridge Luxury', '1 Tower Bridge Road, London SE1 2UP', '+44-20-7403-3761', 'luxury@towerbridge.co.uk'),
(7, 'The Sherlock Holmes Inn', '221C Baker Street, Marylebone, London NW1 6XE', '+44-20-7935-6861', 'bookings@sherlockinn.co.uk'),
(8, 'Privet Drive Hotel', '4 Privet Drive, Little Whinging, Surrey KT12 2QN', '+44-1932-567890', 'stay@privetdrive.co.uk'),
(9, 'Diagon Alley Suites', '93 Diagon Alley, London WC2H 0DU', '+44-20-7240-9933', 'magic@diagonalley.co.uk'),
(10, 'The Leaky Cauldron', '1 Leadenhall Market, London EC3V 1LR', '+44-20-7626-2321', 'inn@leakycauldron.co.uk'),
(11, 'Grimmauld Place Hotel', '12 Grimmauld Place, Islington, London N1 9DL', '+44-20-7278-4455', 'dark@grimmauld.co.uk'),
(12, 'Hogsmeade Inn', '1 High Street, Hogsmeade, Scotland AB25 3UG', '+44-1224-567123', 'warm@hogsmeade.co.uk'),
(13, 'The Ministry Hotel', '1 Whitehall, Westminster, London SW1A 2HB', '+44-20-7270-3000', 'official@ministry.co.uk'),
(14, 'Regent Street Palace', '200 Regent Street, Mayfair, London W1B 5AH', '+44-20-7734-7000', 'palace@regentstreet.co.uk'),
(15, 'Covent Garden Manor', '1 Covent Garden, London WC2E 9DD', '+44-20-7240-5678', 'manor@coventgarden.co.uk'),
(16, 'The Shard Hotel', '32 London Bridge Street, London SE1 9SG', '+44-20-7234-8000', 'heights@shard.co.uk'),
(17, 'Canary Wharf Towers', '1 Canada Square, Canary Wharf, London E14 5AB', '+44-20-7418-2000', 'towers@canarywharf.co.uk'),
(18, 'Greenwich Observatory Hotel', '1 Greenwich Park, London SE10 9NF', '+44-20-8858-4422', 'time@greenwich.co.uk'),
(19, 'The Old Bailey Inn', '1 Old Bailey, London EC4M 7EH', '+44-20-7248-3277', 'justice@oldbailey.co.uk'),
(20, 'St. Pauls Cathedral Hotel', '1 St. Paul''s Churchyard, London EC4M 8AD', '+44-20-7236-4128', 'divine@stpauls.co.uk'),
(21, 'Platform 9¾ Hotel', 'Kings Cross Station, London N1C 4QP', '+44-20-7278-2477', 'express@platform9.co.uk'),
(22, 'The Tardis Hotel', '1 Police Box Lane, London SW7 2DD', '+44-20-7942-2000', 'time@tardis.co.uk'),
(23, 'Madame Tussauds Lodge', '1 Marylebone Road, London NW1 5LR', '+44-20-7487-0200', 'wax@tussauds.co.uk'),
(24, 'The London Eye Hotel', '1 Westminster Bridge Road, London SE1 7PB', '+44-20-7967-7000', 'views@londoneye.co.uk'),
(25, 'Abbey Road Studios Hotel', '3 Abbey Road, London NW8 9AY', '+44-20-7266-7000', 'music@abbeyroad.co.uk'),
(26, 'Carnaby Street Hotel', '1 Carnaby Street, London W1F 9PS', '+44-20-7734-1234', 'fashion@carnaby.co.uk'),
(27, 'The Globe Theatre Inn', '21 New Globe Walk, London SE1 9DT', '+44-20-7902-1400', 'shakespeare@globe.co.uk'),
(28, 'HMS Belfast Hotel', 'The Queens Walk, London SE1 2JH', '+44-20-7940-6300', 'navy@hmsbelfast.co.uk'),
(29, 'Tate Modern Hotel', '1 Bankside, London SE1 9TG', '+44-20-7887-8888', 'art@tate.co.uk'),
(30, 'The Gherkin Hotel', '30 St Mary Axe, London EC3A 8EP', '+44-20-7071-5029', 'tower@gherkin.co.uk'),
(31, 'Notting Hill Hotel', '1 Notting Hill Gate, London W11 3JQ', '+44-20-7221-1234', 'hill@nottinghill.co.uk'),
(32, 'Camden Market Hotel', '1 Camden Lock Place, London NW1 8AF', '+44-20-7485-7963', 'market@camden.co.uk'),
(33, 'The Shard View Hotel', '1 More London Place, London SE1 2RE', '+44-20-7403-4300', 'view@shardview.co.uk'),
(34, 'Borough Market Inn', '8 Southwark Street, London SE1 1TL', '+44-20-7407-1002', 'food@borough.co.uk'),
(35, 'The Millennium Bridge Hotel', '1 Queen Victoria Street, London EC4V 4AB', '+44-20-7248-5202', 'bridge@millennium.co.uk'),
(36, 'Oxford Street Hotel', '1 Oxford Street, London W1C 1JN', '+44-20-7629-7711', 'shopping@oxford.co.uk'),
(37, 'The Natural History Hotel', '1 Exhibition Road, London SW7 2DD', '+44-20-7942-5000', 'history@natural.co.uk'),
(38, 'Piccadilly Circus Hotel', '1 Piccadilly Circus, London W1J 0DA', '+44-20-7734-8040', 'circus@piccadilly.co.uk'),
(39, 'The British Museum Hotel', '1 Great Russell Street, London WC1B 3DG', '+44-20-7323-8000', 'museum@british.co.uk'),
(40, 'Hyde Park Corner Hotel', '1 Hyde Park Corner, London W1J 7NT', '+44-20-7499-6020', 'park@hydeparkcorner.co.uk'),
(41, 'The Royal Opera House Hotel', '1 Bow Street, London WC2E 9DD', '+44-20-7304-4000', 'opera@royal.co.uk'),
(42, 'Leicester Square Hotel', '1 Leicester Square, London WC2H 7NA', '+44-20-7930-0631', 'square@leicester.co.uk'),
(43, 'The Wallace Collection Hotel', '1 Manchester Square, London W1U 3BN', '+44-20-7563-9500', 'collection@wallace.co.uk'),
(44, 'Barbican Centre Hotel', '1 Silk Street, London EC2Y 8DS', '+44-20-7638-4141', 'centre@barbican.co.uk'),
(45, 'The Guildhall Hotel', '1 Guildhall Yard, London EC2V 5AE', '+44-20-7606-3030', 'guild@guildhall.co.uk'),
(46, 'Monument Hotel', '1 Monument Street, London EC3R 8AH', '+44-20-7626-2717', 'monument@london.co.uk'),
(47, 'The Bank of England Hotel', '1 Threadneedle Street, London EC2R 8AH', '+44-20-7601-4444', 'bank@england.co.uk'),
(48, 'Fleet Street Hotel', '1 Fleet Street, London EC4Y 1BD', '+44-20-7353-8570', 'press@fleet.co.uk'),
(49, 'The Inns of Court Hotel', '1 Lincoln''s Inn Fields, London WC2A 3TL', '+44-20-7405-1393', 'law@innsofcourt.co.uk'),
(50, 'Smithfield Market Hotel', '1 West Smithfield, London EC1A 9DY', '+44-20-7236-5925', 'meat@smithfield.co.uk');

-- Insert 300 Rooms (6 rooms per hotel: 2 Single, 2 Double, 2 Deluxe)
INSERT INTO "Rooms" ("Id", "RoomNumber", "Price", "HotelId", "RoomTypeId") VALUES
-- Hotels 1-50 (6 rooms each)
(1, '101', 120.00, 1, 1), (2, '102', 125.00, 1, 1), (3, '201', 180.00, 1, 2), (4, '202', 185.00, 1, 2), (5, '301', 280.00, 1, 3), (6, '302', 290.00, 1, 3),
(7, '101', 150.00, 2, 1), (8, '102', 155.00, 2, 1), (9, '201', 220.00, 2, 2), (10, '202', 225.00, 2, 2), (11, '301', 350.00, 2, 3), (12, '302', 360.00, 2, 3),
(13, '101', 100.00, 3, 1), (14, '102', 105.00, 3, 1), (15, '201', 160.00, 3, 2), (16, '202', 165.00, 3, 2), (17, '301', 250.00, 3, 3), (18, '302', 260.00, 3, 3),
(19, '101', 140.00, 4, 1), (20, '102', 145.00, 4, 1), (21, '201', 200.00, 4, 2), (22, '202', 205.00, 4, 2), (23, '301', 300.00, 4, 3), (24, '302', 310.00, 4, 3),
(25, '101', 130.00, 5, 1), (26, '102', 135.00, 5, 1), (27, '201', 190.00, 5, 2), (28, '202', 195.00, 5, 2), (29, '301', 290.00, 5, 3), (30, '302', 300.00, 5, 3),
(31, '101', 160.00, 6, 1), (32, '102', 165.00, 6, 1), (33, '201', 240.00, 6, 2), (34, '202', 245.00, 6, 2), (35, '301', 380.00, 6, 3), (36, '302', 390.00, 6, 3),
(37, '101', 110.00, 7, 1), (38, '102', 115.00, 7, 1), (39, '201', 170.00, 7, 2), (40, '202', 175.00, 7, 2), (41, '301', 260.00, 7, 3), (42, '302', 270.00, 7, 3),
(43, '101', 90.00, 8, 1), (44, '102', 95.00, 8, 1), (45, '201', 140.00, 8, 2), (46, '202', 145.00, 8, 2), (47, '301', 220.00, 8, 3), (48, '302', 230.00, 8, 3),
(49, '101', 170.00, 9, 1), (50, '102', 175.00, 9, 1), (51, '201', 250.00, 9, 2), (52, '202', 255.00, 9, 2), (53, '301', 400.00, 9, 3), (54, '302', 410.00, 9, 3),
(55, '101', 80.00, 10, 1), (56, '102', 85.00, 10, 1), (57, '201', 130.00, 10, 2), (58, '202', 135.00, 10, 2), (59, '301', 200.00, 10, 3), (60, '302', 210.00, 10, 3),
(61, '101', 180.00, 11, 1), (62, '102', 185.00, 11, 1), (63, '201', 260.00, 11, 2), (64, '202', 265.00, 11, 2), (65, '301', 420.00, 11, 3), (66, '302', 430.00, 11, 3),
(67, '101', 70.00, 12, 1), (68, '102', 75.00, 12, 1), (69, '201', 110.00, 12, 2), (70, '202', 115.00, 12, 2), (71, '301', 180.00, 12, 3), (72, '302', 190.00, 12, 3),
(73, '101', 200.00, 13, 1), (74, '102', 205.00, 13, 1), (75, '201', 300.00, 13, 2), (76, '202', 305.00, 13, 2), (77, '301', 480.00, 13, 3), (78, '302', 490.00, 13, 3),
(79, '101', 190.00, 14, 1), (80, '102', 195.00, 14, 1), (81, '201', 280.00, 14, 2), (82, '202', 285.00, 14, 2), (83, '301', 450.00, 14, 3), (84, '302', 460.00, 14, 3),
(85, '101', 160.00, 15, 1), (86, '102', 165.00, 15, 1), (87, '201', 240.00, 15, 2), (88, '202', 245.00, 15, 2), (89, '301', 380.00, 15, 3), (90, '302', 390.00, 15, 3),
(91, '101', 220.00, 16, 1), (92, '102', 225.00, 16, 1), (93, '201', 330.00, 16, 2), (94, '202', 335.00, 16, 2), (95, '301', 520.00, 16, 3), (96, '302', 530.00, 16, 3),
(97, '101', 250.00, 17, 1), (98, '102', 255.00, 17, 1), (99, '201', 380.00, 17, 2), (100, '202', 385.00, 17, 2), (101, '301', 600.00, 17, 3), (102, '302', 610.00, 17, 3),
(103, '101', 120.00, 18, 1), (104, '102', 125.00, 18, 1), (105, '201', 180.00, 18, 2), (106, '202', 185.00, 18, 2), (107, '301', 280.00, 18, 3), (108, '302', 290.00, 18, 3),
(109, '101', 140.00, 19, 1), (110, '102', 145.00, 19, 1), (111, '201', 200.00, 19, 2), (112, '202', 205.00, 19, 2), (113, '301', 300.00, 19, 3), (114, '302', 310.00, 19, 3),
(115, '101', 130.00, 20, 1), (116, '102', 135.00, 20, 1), (117, '201', 190.00, 20, 2), (118, '202', 195.00, 20, 2), (119, '301', 290.00, 20, 3), (120, '302', 300.00, 20, 3),
(121, '101', 110.00, 21, 1), (122, '102', 115.00, 21, 1), (123, '201', 170.00, 21, 2), (124, '202', 175.00, 21, 2), (125, '301', 260.00, 21, 3), (126, '302', 270.00, 21, 3),
(127, '101', 100.00, 22, 1), (128, '102', 105.00, 22, 1), (129, '201', 160.00, 22, 2), (130, '202', 165.00, 22, 2), (131, '301', 250.00, 22, 3), (132, '302', 260.00, 22, 3),
(133, '101', 150.00, 23, 1), (134, '102', 155.00, 23, 1), (135, '201', 220.00, 23, 2), (136, '202', 225.00, 23, 2), (137, '301', 350.00, 23, 3), (138, '302', 360.00, 23, 3),
(139, '101', 180.00, 24, 1), (140, '102', 185.00, 24, 1), (141, '201', 260.00, 24, 2), (142, '202', 265.00, 24, 2), (143, '301', 420.00, 24, 3), (144, '302', 430.00, 24, 3),
(145, '101', 170.00, 25, 1), (146, '102', 175.00, 25, 1), (147, '201', 250.00, 25, 2), (148, '202', 255.00, 25, 2), (149, '301', 400.00, 25, 3), (150, '302', 410.00, 25, 3),
(151, '101', 140.00, 26, 1), (152, '102', 145.00, 26, 1), (153, '201', 200.00, 26, 2), (154, '202', 205.00, 26, 2), (155, '301', 300.00, 26, 3), (156, '302', 310.00, 26, 3),
(157, '101', 120.00, 27, 1), (158, '102', 125.00, 27, 1), (159, '201', 180.00, 27, 2), (160, '202', 185.00, 27, 2), (161, '301', 280.00, 27, 3), (162, '302', 290.00, 27, 3),
(163, '101', 160.00, 28, 1), (164, '102', 165.00, 28, 1), (165, '201', 240.00, 28, 2), (166, '202', 245.00, 28, 2), (167, '301', 380.00, 28, 3), (168, '302', 390.00, 28, 3),
(169, '101', 180.00, 29, 1), (170, '102', 185.00, 29, 1), (171, '201', 260.00, 29, 2), (172, '202', 265.00, 29, 2), (173, '301', 420.00, 29, 3), (174, '302', 430.00, 29, 3),
(175, '101', 220.00, 30, 1), (176, '102', 225.00, 30, 1), (177, '201', 330.00, 30, 2), (178, '202', 335.00, 30, 2), (179, '301', 520.00, 30, 3), (180, '302', 530.00, 30, 3),
(181, '101', 130.00, 31, 1), (182, '102', 135.00, 31, 1), (183, '201', 190.00, 31, 2), (184, '202', 195.00, 31, 2), (185, '301', 290.00, 31, 3), (186, '302', 300.00, 31, 3),
(187, '101', 110.00, 32, 1), (188, '102', 115.00, 32, 1), (189, '201', 170.00, 32, 2), (190, '202', 175.00, 32, 2), (191, '301', 260.00, 32, 3), (192, '302', 270.00, 32, 3),
(193, '101', 200.00, 33, 1), (194, '102', 205.00, 33, 1), (195, '201', 300.00, 33, 2), (196, '202', 305.00, 33, 2), (197, '301', 480.00, 33, 3), (198, '302', 490.00, 33, 3),
(199, '101', 120.00, 34, 1), (200, '102', 125.00, 34, 1), (201, '201', 180.00, 34, 2), (202, '202', 185.00, 34, 2), (203, '301', 280.00, 34, 3), (204, '302', 290.00, 34, 3),
(205, '101', 170.00, 35, 1), (206, '102', 175.00, 35, 1), (207, '201', 250.00, 35, 2), (208, '202', 255.00, 35, 2), (209, '301', 400.00, 35, 3), (210, '302', 410.00, 35, 3),
(211, '101', 190.00, 36, 1), (212, '102', 195.00, 36, 1), (213, '201', 280.00, 36, 2), (214, '202', 285.00, 36, 2), (215, '301', 450.00, 36, 3), (216, '302', 460.00, 36, 3),
(217, '101', 160.00, 37, 1), (218, '102', 165.00, 37, 1), (219, '201', 240.00, 37, 2), (220, '202', 245.00, 37, 2), (221, '301', 380.00, 37, 3), (222, '302', 390.00, 37, 3),
(223, '101', 180.00, 38, 1), (224, '102', 185.00, 38, 1), (225, '201', 260.00, 38, 2), (226, '202', 265.00, 38, 2), (227, '301', 420.00, 38, 3), (228, '302', 430.00, 38, 3),
(229, '101', 170.00, 39, 1), (230, '102', 175.00, 39, 1), (231, '201', 250.00, 39, 2), (232, '202', 255.00, 39, 2), (233, '301', 400.00, 39, 3), (234, '302', 410.00, 39, 3),
(235, '101', 200.00, 40, 1), (236, '102', 205.00, 40, 1), (237, '201', 300.00, 40, 2), (238, '202', 305.00, 40, 2), (239, '301', 480.00, 40, 3), (240, '302', 490.00, 40, 3),
(241, '101', 190.00, 41, 1), (242, '102', 195.00, 41, 1), (243, '201', 280.00, 41, 2), (244, '202', 285.00, 41, 2), (245, '301', 450.00, 41, 3), (246, '302', 460.00, 41, 3),
(247, '101', 160.00, 42, 1), (248, '102', 165.00, 42, 1), (249, '201', 240.00, 42, 2), (250, '202', 245.00, 42, 2), (251, '301', 380.00, 42, 3), (252, '302', 390.00, 42, 3),
(253, '101', 180.00, 43, 1), (254, '102', 185.00, 43, 1), (255, '201', 260.00, 43, 2), (256, '202', 265.00, 43, 2), (257, '301', 420.00, 43, 3), (258, '302', 430.00, 43, 3),
(259, '101', 140.00, 44, 1), (260, '102', 145.00, 44, 1), (261, '201', 200.00, 44, 2), (262, '202', 205.00, 44, 2), (263, '301', 300.00, 44, 3), (264, '302', 310.00, 44, 3),
(265, '101', 170.00, 45, 1), (266, '102', 175.00, 45, 1), (267, '201', 250.00, 45, 2), (268, '202', 255.00, 45, 2), (269, '301', 400.00, 45, 3), (270, '302', 410.00, 45, 3),
(271, '101', 150.00, 46, 1), (272, '102', 155.00, 46, 1), (273, '201', 220.00, 46, 2), (274, '202', 225.00, 46, 2), (275, '301', 350.00, 46, 3), (276, '302', 360.00, 46, 3),
(277, '101', 220.00, 47, 1), (278, '102', 225.00, 47, 1), (279, '201', 330.00, 47, 2), (280, '202', 335.00, 47, 2), (281, '301', 520.00, 47, 3), (282, '302', 530.00, 47, 3),
(283, '101', 130.00, 48, 1), (284, '102', 135.00, 48, 1), (285, '201', 190.00, 48, 2), (286, '202', 195.00, 48, 2), (287, '301', 290.00, 48, 3), (288, '302', 300.00, 48, 3),
(289, '101', 180.00, 49, 1), (290, '102', 185.00, 49, 1), (291, '201', 260.00, 49, 2), (292, '202', 265.00, 49, 2), (293, '301', 420.00, 49, 3), (294, '302', 430.00, 49, 3),
(295, '101', 110.00, 50, 1), (296, '102', 115.00, 50, 1), (297, '201', 170.00, 50, 2), (298, '202', 175.00, 50, 2), (299, '301', 260.00, 50, 3), (300, '302', 270.00, 50, 3);

-- Insert 500 Sample Bookings with British names
INSERT INTO "Bookings" ("Id", "GuestName", "PeopleCount", "CheckInDate", "CheckOutDate", "TotalPrice", "BookingReference", "HotelId") VALUES
(1, 'Winston Churchill', 2, '2025-07-15', '2025-07-18', 540.00, 'BK001', 1),
(2, 'Margaret Thatcher', 1, '2025-07-20', '2025-07-22', 300.00, 'BK002', 2),
(3, 'Tony Blair', 3, '2025-07-25', '2025-07-28', 750.00, 'BK003', 3),
(4, 'David Cameron', 2, '2025-08-01', '2025-08-04', 600.00, 'BK004', 4),
(5, 'Theresa May', 1, '2025-08-05', '2025-08-07', 280.00, 'BK005', 5),
(6, 'Boris Johnson', 3, '2025-08-10', '2025-08-13', 1140.00, 'BK006', 6),
(7, 'John Major', 2, '2025-08-15', '2025-08-18', 660.00, 'BK007', 7),
(8, 'Gordon Brown', 1, '2025-08-20', '2025-08-22', 180.00, 'BK008', 8),
(9, 'Harold Wilson', 3, '2025-08-25', '2025-08-28', 1200.00, 'BK009', 9),
(10, 'Edward Heath', 2, '2025-09-01', '2025-09-04', 390.00, 'BK010', 10),
(11, 'James Callaghan', 1, '2025-09-05', '2025-09-07', 360.00, 'BK011', 11),
(12, 'Alec Douglas-Home', 2, '2025-09-10', '2025-09-13', 210.00, 'BK012', 12),
(13, 'Harold Macmillan', 3, '2025-09-15', '2025-09-18', 1440.00, 'BK013', 13),
(14, 'Anthony Eden', 2, '2025-09-20', '2025-09-23', 1140.00, 'BK014', 14),
(15, 'Clement Attlee', 1, '2025-09-25', '2025-09-27', 480.00, 'BK015', 15),
(16, 'Neville Chamberlain', 3, '2025-10-01', '2025-10-04', 1560.00, 'BK016', 16),
(17, 'Stanley Baldwin', 2, '2025-10-05', '2025-10-08', 1800.00, 'BK017', 17),
(18, 'Ramsay MacDonald', 1, '2025-10-10', '2025-10-12', 240.00, 'BK018', 18),
(19, 'Andrew Bonar Law', 3, '2025-10-15', '2025-10-18', 900.00, 'BK019', 19),
(20, 'David Lloyd George', 2, '2025-10-20', '2025-10-23', 570.00, 'BK020', 20),
(21, 'Sherlock Holmes', 1, '2025-11-01', '2025-11-03', 220.00, 'BK021', 21),
(22, 'Dr. John Watson', 2, '2025-11-05', '2025-11-08', 480.00, 'BK022', 22),
(23, 'Professor Moriarty', 1, '2025-11-10', '2025-11-12', 300.00, 'BK023', 23),
(24, 'Inspector Lestrade', 2, '2025-11-15', '2025-11-18', 780.00, 'BK024', 24),
(25, 'Mrs. Hudson', 1, '2025-11-20', '2025-11-22', 340.00, 'BK025', 25),
(26, 'Mycroft Holmes', 2, '2025-11-25', '2025-11-28', 600.00, 'BK026', 26),
(27, 'Irene Adler', 1, '2025-12-01', '2025-12-03', 240.00, 'BK027', 27),
(28, 'Colonel Moran', 3, '2025-12-05', '2025-12-08', 1140.00, 'BK028', 28),
(29, 'Mary Morstan', 2, '2025-12-10', '2025-12-13', 840.00, 'BK029', 29),
(30, 'Inspector Bradstreet', 1, '2025-12-15', '2025-12-17', 440.00, 'BK030', 30),
(31, 'Harry Potter', 1, '2025-07-16', '2025-07-19', 390.00, 'BK031', 31),
(32, 'Hermione Granger', 2, '2025-07-21', '2025-07-24', 510.00, 'BK032', 32),
(33, 'Ron Weasley', 1, '2025-07-26', '2025-07-29', 600.00, 'BK033', 33),
(34, 'Ginny Weasley', 2, '2025-08-02', '2025-08-05', 360.00, 'BK034', 34),
(35, 'Neville Longbottom', 1, '2025-08-06', '2025-08-08', 340.00, 'BK035', 35),
(36, 'Luna Lovegood', 2, '2025-08-11', '2025-08-14', 855.00, 'BK036', 36),
(37, 'Draco Malfoy', 1, '2025-08-16', '2025-08-19', 480.00, 'BK037', 37),
(38, 'Severus Snape', 3, '2025-08-21', '2025-08-24', 1260.00, 'BK038', 38),
(39, 'Albus Dumbledore', 2, '2025-08-26', '2025-08-29', 750.00, 'BK039', 39),
(40, 'Minerva McGonagall', 1, '2025-09-02', '2025-09-05', 600.00, 'BK040', 40),
(41, 'Rubeus Hagrid', 2, '2025-09-06', '2025-09-09', 855.00, 'BK041', 41),
(42, 'Sirius Black', 1, '2025-09-11', '2025-09-14', 480.00, 'BK042', 42),
(43, 'Remus Lupin', 3, '2025-09-16', '2025-09-19', 1260.00, 'BK043', 43),
(44, 'James Potter', 2, '2025-09-21', '2025-09-24', 600.00, 'BK044', 44),
(45, 'Lily Potter', 1, '2025-09-26', '2025-09-29', 525.00, 'BK045', 45),
(46, 'Peter Pettigrew', 2, '2025-10-02', '2025-10-05', 660.00, 'BK046', 46),
(47, 'Tom Riddle', 1, '2025-10-06', '2025-10-09', 675.00, 'BK047', 47),
(48, 'Bellatrix Lestrange', 3, '2025-10-11', '2025-10-14', 870.00, 'BK048', 48),
(49, 'Narcissa Malfoy', 2, '2025-10-16', '2025-10-19', 780.00, 'BK049', 49),
(50, 'Lucius Malfoy', 1, '2025-10-21', '2025-10-24', 330.00, 'BK050', 50),
(51, 'Arthur Weasley', 2, '2025-07-17', '2025-07-20', 540.00, 'BK051', 1),
(52, 'Molly Weasley', 1, '2025-07-22', '2025-07-25', 465.00, 'BK052', 2),
(53, 'Fred Weasley', 3, '2025-07-27', '2025-07-30', 780.00, 'BK053', 3),
(54, 'George Weasley', 2, '2025-08-03', '2025-08-06', 615.00, 'BK054', 4),
(55, 'Percy Weasley', 1, '2025-08-07', '2025-08-09', 260.00, 'BK055', 5),
(56, 'Charlie Weasley', 3, '2025-08-12', '2025-08-15', 1140.00, 'BK056', 6),
(57, 'Bill Weasley', 2, '2025-08-17', '2025-08-20', 330.00, 'BK057', 7),
(58, 'Fleur Delacour', 1, '2025-08-22', '2025-08-24', 180.00, 'BK058', 8),
(59, 'Viktor Krum', 3, '2025-08-27', '2025-08-30', 1230.00, 'BK059', 9),
(60, 'Cedric Diggory', 2, '2025-09-03', '2025-09-06', 255.00, 'BK060', 10),
(61, 'Cho Chang', 1, '2025-09-07', '2025-09-10', 540.00, 'BK061', 11),
(62, 'Dean Thomas', 2, '2025-09-12', '2025-09-15', 210.00, 'BK062', 12),
(63, 'Seamus Finnigan', 3, '2025-09-17', '2025-09-20', 1440.00, 'BK063', 13),
(64, 'Lavender Brown', 2, '2025-09-22', '2025-09-25', 1140.00, 'BK064', 14),
(65, 'Parvati Patil', 1, '2025-09-27', '2025-09-30', 480.00, 'BK065', 15),
(66, 'Padma Patil', 3, '2025-10-03', '2025-10-06', 1560.00, 'BK066', 16),
(67, 'Oliver Wood', 2, '2025-10-07', '2025-10-10', 1800.00, 'BK067', 17),
(68, 'Lee Jordan', 1, '2025-10-12', '2025-10-15', 360.00, 'BK068', 18),
(69, 'Angelina Johnson', 3, '2025-10-17', '2025-10-20', 900.00, 'BK069', 19),
(70, 'Katie Bell', 2, '2025-10-22', '2025-10-25', 570.00, 'BK070', 20),
(71, 'Alicia Spinnet', 1, '2025-11-02', '2025-11-05', 330.00, 'BK071', 21),
(72, 'Cormac McLaggen', 2, '2025-11-06', '2025-11-09', 615.00, 'BK072', 22),
(73, 'Romilda Vane', 1, '2025-11-11', '2025-11-14', 450.00, 'BK073', 23),
(74, 'Colin Creevey', 2, '2025-11-16', '2025-11-19', 780.00, 'BK074', 24),
(75, 'Dennis Creevey', 1, '2025-11-21', '2025-11-24', 510.00, 'BK075', 25),
(76, 'Ernie Macmillan', 2, '2025-11-26', '2025-11-29', 600.00, 'BK076', 26),
(77, 'Hannah Abbott', 1, '2025-12-02', '2025-12-05', 360.00, 'BK077', 27),
(78, 'Susan Bones', 3, '2025-12-06', '2025-12-09', 1140.00, 'BK078', 28),
(79, 'Justin Finch-Fletchley', 2, '2025-12-11', '2025-12-14', 840.00, 'BK079', 29),
(80, 'Zacharias Smith', 1, '2025-12-16', '2025-12-19', 660.00, 'BK080', 30),
(81, 'Terry Boot', 1, '2025-07-18', '2025-07-21', 390.00, 'BK081', 31),
(82, 'Michael Corner', 2, '2025-07-23', '2025-07-26', 510.00, 'BK082', 32),
(83, 'Anthony Goldstein', 1, '2025-07-28', '2025-07-31', 600.00, 'BK083', 33),
(84, 'Mandy Brocklehurst', 2, '2025-08-04', '2025-08-07', 360.00, 'BK084', 34),
(85, 'Lisa Turpin', 1, '2025-08-08', '2025-08-10', 340.00, 'BK085', 35),
(86, 'Su Li', 2, '2025-08-13', '2025-08-16', 855.00, 'BK086', 36),
(87, 'Marietta Edgecombe', 1, '2025-08-18', '2025-08-21', 480.00, 'BK087', 37),
(88, 'Roger Davies', 3, '2025-08-23', '2025-08-26', 1260.00, 'BK088', 38),
(89, 'Penelope Clearwater', 2, '2025-08-28', '2025-08-31', 750.00, 'BK089', 39),
(90, 'Marcus Flint', 1, '2025-09-04', '2025-09-07', 600.00, 'BK090', 40),
(91, 'Adrian Pucey', 2, '2025-09-08', '2025-09-11', 855.00, 'BK091', 41),
(92, 'Miles Bletchley', 1, '2025-09-13', '2025-09-16', 480.00, 'BK092', 42),
(93, 'Terence Higgs', 3, '2025-09-18', '2025-09-21', 1260.00, 'BK093', 43),
(94, 'Graham Montague', 2, '2025-09-23', '2025-09-26', 600.00, 'BK094', 44),
(95, 'Cassius Warrington', 1, '2025-09-28', '2025-10-01', 525.00, 'BK095', 45),
(96, 'Pansy Parkinson', 2, '2025-10-04', '2025-10-07', 660.00, 'BK096', 46),
(97, 'Blaise Zabini', 1, '2025-10-08', '2025-10-11', 675.00, 'BK097', 47),
(98, 'Theodore Nott', 3, '2025-10-13', '2025-10-16', 870.00, 'BK098', 48),
(99, 'Vincent Crabbe', 2, '2025-10-18', '2025-10-21', 780.00, 'BK099', 49),
(100, 'Gregory Goyle', 1, '2025-10-23', '2025-10-26', 330.00, 'BK100', 50),
(101, 'Elmo Monster', 1, '2025-07-19', '2025-07-22', 360.00, 'BK101', 1),
(102, 'Cookie Monster', 2, '2025-07-24', '2025-07-27', 465.00, 'BK102', 2),
(103, 'Big Bird', 3, '2025-07-29', '2025-08-01', 780.00, 'BK103', 3),
(104, 'Oscar Grouch', 2, '2025-08-05', '2025-08-08', 615.00, 'BK104', 4),
(105, 'Bert', 1, '2025-08-09', '2025-08-11', 260.00, 'BK105', 5),
(106, 'Ernie', 3, '2025-08-14', '2025-08-17', 1140.00, 'BK106', 6),
(107, 'Kermit Frog', 2, '2025-08-19', '2025-08-22', 330.00, 'BK107', 7),
(108, 'Miss Piggy', 1, '2025-08-24', '2025-08-26', 180.00, 'BK108', 8),
(109, 'Gonzo', 3, '2025-08-29', '2025-09-01', 1230.00, 'BK109', 9),
(110, 'Fozzie Bear', 2, '2025-09-05', '2025-09-08', 255.00, 'BK110', 10),
(111, 'Scooter', 1, '2025-09-09', '2025-09-12', 540.00, 'BK111', 11),
(112, 'Rowlf Dog', 2, '2025-09-14', '2025-09-17', 210.00, 'BK112', 12),
(113, 'Dr. Bunsen Honeydew', 3, '2025-09-19', '2025-09-22', 1440.00, 'BK113', 13),
(114, 'Beaker', 2, '2025-09-24', '2025-09-27', 1140.00, 'BK114', 14),
(115, 'Swedish Chef', 1, '2025-09-29', '2025-10-02', 480.00, 'BK115', 15),
(116, 'Animal', 3, '2025-10-05', '2025-10-08', 1560.00, 'BK116', 16),
(117, 'Janice', 2, '2025-10-09', '2025-10-12', 1800.00, 'BK117', 17),
(118, 'Floyd Pepper', 1, '2025-10-14', '2025-10-17', 360.00, 'BK118', 18),
(119, 'Zoot', 3, '2025-10-19', '2025-10-22', 900.00, 'BK119', 19),
(120, 'Dr. Teeth', 2, '2025-10-24', '2025-10-27', 570.00, 'BK120', 20),
(121, 'Statler', 1, '2025-11-04', '2025-11-07', 330.00, 'BK121', 21),
(122, 'Waldorf', 2, '2025-11-08', '2025-11-11', 615.00, 'BK122', 22),
(123, 'Rizzo Rat', 1, '2025-11-13', '2025-11-16', 450.00, 'BK123', 23),
(124, 'Pepe King Prawn', 2, '2025-11-18', '2025-11-21', 780.00, 'BK124', 24),
(125, 'Clifford', 1, '2025-11-23', '2025-11-26', 510.00, 'BK125', 25),
(126, 'Bobo Bear', 2, '2025-11-28', '2025-12-01', 600.00, 'BK126', 26),
(127, 'Lew Zealand', 1, '2025-12-04', '2025-12-07', 360.00, 'BK127', 27),
(128, 'Beauregard', 3, '2025-12-08', '2025-12-11', 1140.00, 'BK128', 28),
(129, 'Robin Frog', 2, '2025-12-13', '2025-12-16', 840.00, 'BK129', 29),
(130, 'Sweetums', 1, '2025-12-18', '2025-12-21', 660.00, 'BK130', 30),
(131, 'Wallace', 1, '2025-07-20', '2025-07-23', 390.00, 'BK131', 31),
(132, 'Gromit', 2, '2025-07-25', '2025-07-28', 510.00, 'BK132', 32),
(133, 'Shaun Sheep', 3, '2025-07-30', '2025-08-02', 600.00, 'BK133', 33),
(134, 'Feathers McGraw', 2, '2025-08-06', '2025-08-09', 360.00, 'BK134', 34),
(135, 'Preston', 1, '2025-08-10', '2025-08-12', 340.00, 'BK135', 35),
(136, 'Wendolene Ramsbottom', 2, '2025-08-15', '2025-08-18', 855.00, 'BK136', 36),
(137, 'Victor Quartermaine', 1, '2025-08-20', '2025-08-23', 480.00, 'BK137', 37),
(138, 'Lady Tottington', 3, '2025-08-25', '2025-08-28', 1260.00, 'BK138', 38),
(139, 'Were-Rabbit', 2, '2025-08-30', '2025-09-02', 750.00, 'BK139', 39),
(140, 'Hutch', 1, '2025-09-06', '2025-09-09', 600.00, 'BK140', 40),
(141, 'Piella Bakewell', 2, '2025-09-10', '2025-09-13', 855.00, 'BK141', 41),
(142, 'Fluffles', 1, '2025-09-15', '2025-09-18', 480.00, 'BK142', 42),
(143, 'Professor Mitty', 3, '2025-09-20', '2025-09-23', 1260.00, 'BK143', 43),
(144, 'Bitzer', 2, '2025-09-25', '2025-09-28', 600.00, 'BK144', 44),
(145, 'Shirley Sheep', 1, '2025-09-30', '2025-10-03', 525.00, 'BK145', 45),
(146, 'Timmy Sheep', 2, '2025-10-06', '2025-10-09', 660.00, 'BK146', 46),
(147, 'Nuts Squirrel', 1, '2025-10-10', '2025-10-13', 675.00, 'BK147', 47),
(148, 'Slip Hedgehog', 3, '2025-10-15', '2025-10-18', 870.00, 'BK148', 48),
(149, 'Hazel Sheep', 2, '2025-10-20', '2025-10-23', 780.00, 'BK149', 49),
(150, 'Mossy Bottom', 1, '2025-10-25', '2025-10-28', 330.00, 'BK150', 50),
(151, 'Count Dracula', 1, '2025-07-21', '2025-07-24', 360.00, 'BK151', 1),
(152, 'Frankenstein', 2, '2025-07-26', '2025-07-29', 465.00, 'BK152', 2),
(153, 'Wolfman', 3, '2025-07-31', '2025-08-03', 780.00, 'BK153', 3),
(154, 'The Mummy', 2, '2025-08-07', '2025-08-10', 615.00, 'BK154', 4),
(155, 'Invisible Man', 1, '2025-08-11', '2025-08-13', 260.00, 'BK155', 5),
(156, 'Phantom Opera', 3, '2025-08-16', '2025-08-19', 1140.00, 'BK156', 6),
(157, 'Jekyll Hyde', 2, '2025-08-21', '2025-08-24', 330.00, 'BK157', 7),
(158, 'Hunchback Notre Dame', 1, '2025-08-26', '2025-08-28', 180.00, 'BK158', 8),
(159, 'King Kong', 3, '2025-08-31', '2025-09-03', 1230.00, 'BK159', 9),
(160, 'Godzilla', 2, '2025-09-07', '2025-09-10', 255.00, 'BK160', 10),
(161, 'Creature Black Lagoon', 1, '2025-09-11', '2025-09-14', 540.00, 'BK161', 11),
(162, 'Blob', 2, '2025-09-16', '2025-09-19', 210.00, 'BK162', 12),
(163, 'Alien', 3, '2025-09-21', '2025-09-24', 1440.00, 'BK163', 13),
(164, 'Predator', 2, '2025-09-26', '2025-09-29', 1140.00, 'BK164', 14),
(165, 'Terminator', 1, '2025-10-01', '2025-10-04', 480.00, 'BK165', 15),
(166, 'Robocop', 3, '2025-10-07', '2025-10-10', 1560.00, 'BK166', 16),
(167, 'Darth Vader', 2, '2025-10-11', '2025-10-14', 1800.00, 'BK167', 17),
(168, 'Luke Skywalker', 1, '2025-10-16', '2025-10-19', 360.00, 'BK168', 18),
(169, 'Princess Leia', 3, '2025-10-21', '2025-10-24', 900.00, 'BK169', 19),
(170, 'Han Solo', 2, '2025-10-26', '2025-10-29', 570.00, 'BK170', 20),
(171, 'Chewbacca', 1, '2025-11-06', '2025-11-09', 330.00, 'BK171', 21),
(172, 'Obi-Wan Kenobi', 2, '2025-11-10', '2025-11-13', 615.00, 'BK172', 22),
(173, 'Yoda', 1, '2025-11-15', '2025-11-18', 450.00, 'BK173', 23),
(174, 'C-3PO', 2, '2025-11-20', '2025-11-23', 780.00, 'BK174', 24),
(175, 'R2-D2', 1, '2025-11-25', '2025-11-28', 510.00, 'BK175', 25),
(176, 'Boba Fett', 2, '2025-11-30', '2025-12-03', 600.00, 'BK176', 26),
(177, 'Jabba Hutt', 1, '2025-12-05', '2025-12-08', 360.00, 'BK177', 27),
(178, 'Emperor Palpatine', 3, '2025-12-09', '2025-12-12', 1140.00, 'BK178', 28),
(179, 'Mace Windu', 2, '2025-12-14', '2025-12-17', 840.00, 'BK179', 29),
(180, 'Qui-Gon Jinn', 1, '2025-12-19', '2025-12-22', 660.00, 'BK180', 30),
(181, 'Padme Amidala', 1, '2025-07-22', '2025-07-25', 390.00, 'BK181', 31),
(182, 'Anakin Skywalker', 2, '2025-07-27', '2025-07-30', 510.00, 'BK182', 32),
(183, 'Count Dooku', 1, '2025-08-01', '2025-08-04', 600.00, 'BK183', 33),
(184, 'General Grievous', 2, '2025-08-08', '2025-08-11', 360.00, 'BK184', 34),
(185, 'Jango Fett', 1, '2025-08-12', '2025-08-14', 340.00, 'BK185', 35),
(186, 'Lando Calrissian', 2, '2025-08-17', '2025-08-20', 855.00, 'BK186', 36),
(187, 'Admiral Ackbar', 1, '2025-08-22', '2025-08-25', 480.00, 'BK187', 37),
(188, 'Wicket Ewok', 3, '2025-08-27', '2025-08-30', 1260.00, 'BK188', 38),
(189, 'Jar Jar Binks', 2, '2025-09-01', '2025-09-04', 750.00, 'BK189', 39),
(190, 'Captain Phasma', 1, '2025-09-08', '2025-09-11', 600.00, 'BK190', 40),
(191, 'Kylo Ren', 2, '2025-09-12', '2025-09-15', 855.00, 'BK191', 41),
(192, 'Rey', 1, '2025-09-17', '2025-09-20', 480.00, 'BK192', 42),
(193, 'Finn', 3, '2025-09-22', '2025-09-25', 1260.00, 'BK193', 43),
(194, 'Poe Dameron', 2, '2025-09-27', '2025-09-30', 600.00, 'BK194', 44),
(195, 'BB-8', 1, '2025-10-02', '2025-10-05', 525.00, 'BK195', 45),
(196, 'Captain Rex', 2, '2025-10-08', '2025-10-11', 660.00, 'BK196', 46),
(197, 'Ahsoka Tano', 1, '2025-10-12', '2025-10-15', 675.00, 'BK197', 47),
(198, 'Commander Cody', 3, '2025-10-17', '2025-10-20', 870.00, 'BK198', 48),
(199, 'Grand Moff Tarkin', 2, '2025-10-22', '2025-10-25', 780.00, 'BK199', 49),
(200, 'Director Krennic', 1, '2025-10-27', '2025-10-30', 330.00, 'BK200', 50),
(201, 'Frodo Baggins', 1, '2025-07-23', '2025-07-26', 360.00, 'BK201', 1),
(202, 'Samwise Gamgee', 2, '2025-07-28', '2025-07-31', 465.00, 'BK202', 2),
(203, 'Gandalf Grey', 3, '2025-08-02', '2025-08-05', 780.00, 'BK203', 3),
(204, 'Aragorn', 2, '2025-08-09', '2025-08-12', 615.00, 'BK204', 4),
(205, 'Legolas', 1, '2025-08-13', '2025-08-15', 260.00, 'BK205', 5),
(206, 'Gimli', 3, '2025-08-18', '2025-08-21', 1140.00, 'BK206', 6),
(207, 'Boromir', 2, '2025-08-23', '2025-08-26', 330.00, 'BK207', 7),
(208, 'Merry Brandybuck', 1, '2025-08-28', '2025-08-30', 180.00, 'BK208', 8),
(209, 'Pippin Took', 3, '2025-09-02', '2025-09-05', 1230.00, 'BK209', 9),
(210, 'Galadriel', 2, '2025-09-09', '2025-09-12', 255.00, 'BK210', 10),
(211, 'Elrond', 1, '2025-09-13', '2025-09-16', 540.00, 'BK211', 11),
(212, 'Arwen', 2, '2025-09-18', '2025-09-21', 210.00, 'BK212', 12),
(213, 'Faramir', 3, '2025-09-23', '2025-09-26', 1440.00, 'BK213', 13),
(214, 'Denethor', 2, '2025-09-28', '2025-10-01', 1140.00, 'BK214', 14),
(215, 'Theoden', 1, '2025-10-03', '2025-10-06', 480.00, 'BK215', 15),
(216, 'Eowyn', 3, '2025-10-09', '2025-10-12', 1560.00, 'BK216', 16),
(217, 'Eomer', 2, '2025-10-13', '2025-10-16', 1800.00, 'BK217', 17),
(218, 'Saruman', 1, '2025-10-18', '2025-10-21', 360.00, 'BK218', 18),
(219, 'Sauron', 3, '2025-10-23', '2025-10-26', 900.00, 'BK219', 19),
(220, 'Gollum', 2, '2025-10-28', '2025-10-31', 570.00, 'BK220', 20),
(221, 'Bilbo Baggins', 1, '2025-11-08', '2025-11-11', 330.00, 'BK221', 21),
(222, 'Thorin Oakenshield', 2, '2025-11-12', '2025-11-15', 615.00, 'BK222', 22),
(223, 'Smaug Dragon', 1, '2025-11-17', '2025-11-20', 450.00, 'BK223', 23),
(224, 'Bard Bowman', 2, '2025-11-22', '2025-11-25', 780.00, 'BK224', 24),
(225, 'Thranduil', 1, '2025-11-27', '2025-11-30', 510.00, 'BK225', 25),
(226, 'Azog Orc', 2, '2025-12-02', '2025-12-05', 600.00, 'BK226', 26),
(227, 'Bolg Orc', 1, '2025-12-07', '2025-12-10', 360.00, 'BK227', 27),
(228, 'Radagast Brown', 3, '2025-12-11', '2025-12-14', 1140.00, 'BK228', 28),
(229, 'Tauriel', 2, '2025-12-16', '2025-12-19', 840.00, 'BK229', 29),
(230, 'Kili Dwarf', 1, '2025-12-21', '2025-12-24', 660.00, 'BK230', 30),
(231, 'Fili Dwarf', 1, '2025-07-24', '2025-07-27', 390.00, 'BK231', 31),
(232, 'Balin Dwarf', 2, '2025-07-29', '2025-08-01', 510.00, 'BK232', 32),
(233, 'Dwalin Dwarf', 3, '2025-08-03', '2025-08-06', 600.00, 'BK233', 33),
(234, 'Gloin Dwarf', 2, '2025-08-10', '2025-08-13', 360.00, 'BK234', 34),
(235, 'Oin Dwarf', 1, '2025-08-14', '2025-08-16', 340.00, 'BK235', 35),
(236, 'Bifur Dwarf', 2, '2025-08-19', '2025-08-22', 855.00, 'BK236', 36),
(237, 'Bofur Dwarf', 1, '2025-08-24', '2025-08-27', 480.00, 'BK237', 37),
(238, 'Bombur Dwarf', 3, '2025-08-29', '2025-09-01', 1260.00, 'BK238', 38),
(239, 'Dori Dwarf', 2, '2025-09-03', '2025-09-06', 750.00, 'BK239', 39),
(240, 'Nori Dwarf', 1, '2025-09-10', '2025-09-13', 600.00, 'BK240', 40),
(241, 'Ori Dwarf', 2, '2025-09-14', '2025-09-17', 855.00, 'BK241', 41),
(242, 'Beorn', 1, '2025-09-19', '2025-09-22', 480.00, 'BK242', 42),
(243, 'Master Laketown', 3, '2025-09-24', '2025-09-27', 1260.00, 'BK243', 43),
(244, 'Alfrid', 2, '2025-09-29', '2025-10-02', 600.00, 'BK244', 44),
(245, 'Goblin King', 1, '2025-10-04', '2025-10-07', 525.00, 'BK245', 45),
(246, 'Necromancer', 2, '2025-10-10', '2025-10-13', 660.00, 'BK246', 46),
(247, 'Witch-king', 1, '2025-10-14', '2025-10-17', 675.00, 'BK247', 47),
(248, 'Mouth of Sauron', 3, '2025-10-19', '2025-10-22', 870.00, 'BK248', 48),
(249, 'Gothmog', 2, '2025-10-24', '2025-10-27', 780.00, 'BK249', 49),
(250, 'Lurtz', 1, '2025-10-29', '2025-11-01', 330.00, 'BK250', 50),
(251, 'Spiderman', 1, '2025-07-25', '2025-07-28', 360.00, 'BK251', 1),
(252, 'Batman', 2, '2025-07-30', '2025-08-02', 465.00, 'BK252', 2),
(253, 'Superman', 3, '2025-08-04', '2025-08-07', 780.00, 'BK253', 3),
(254, 'Wonder Woman', 2, '2025-08-11', '2025-08-14', 615.00, 'BK254', 4),
(255, 'Flash', 1, '2025-08-15', '2025-08-17', 260.00, 'BK255', 5),
(256, 'Green Lantern', 3, '2025-08-20', '2025-08-23', 1140.00, 'BK256', 6),
(257, 'Aquaman', 2, '2025-08-25', '2025-08-28', 330.00, 'BK257', 7),
(258, 'Cyborg', 1, '2025-08-30', '2025-09-01', 180.00, 'BK258', 8),
(259, 'Iron Man', 3, '2025-09-04', '2025-09-07', 1230.00, 'BK259', 9),
(260, 'Captain America', 2, '2025-09-11', '2025-09-14', 255.00, 'BK260', 10),
(261, 'Thor', 1, '2025-09-15', '2025-09-18', 540.00, 'BK261', 11),
(262, 'Hulk', 2, '2025-09-20', '2025-09-23', 210.00, 'BK262', 12),
(263, 'Black Widow', 3, '2025-09-25', '2025-09-28', 1440.00, 'BK263', 13),
(264, 'Hawkeye', 2, '2025-09-30', '2025-10-03', 1140.00, 'BK264', 14),
(265, 'Ant-Man', 1, '2025-10-05', '2025-10-08', 480.00, 'BK265', 15),
(266, 'Wasp', 3, '2025-10-11', '2025-10-14', 1560.00, 'BK266', 16),
(267, 'Doctor Strange', 2, '2025-10-15', '2025-10-18', 1800.00, 'BK267', 17),
(268, 'Scarlet Witch', 1, '2025-10-20', '2025-10-23', 360.00, 'BK268', 18),
(269, 'Vision', 3, '2025-10-25', '2025-10-28', 900.00, 'BK269', 19),
(270, 'Falcon', 2, '2025-10-30', '2025-11-02', 570.00, 'BK270', 20),
(271, 'Winter Soldier', 1, '2025-11-10', '2025-11-13', 330.00, 'BK271', 21),
(272, 'Black Panther', 2, '2025-11-14', '2025-11-17', 615.00, 'BK272', 22),
(273, 'Captain Marvel', 1, '2025-11-19', '2025-11-22', 450.00, 'BK273', 23),
(274, 'Star-Lord', 2, '2025-11-24', '2025-11-27', 780.00, 'BK274', 24),
(275, 'Gamora', 1, '2025-11-29', '2025-12-02', 510.00, 'BK275', 25),
(276, 'Drax', 2, '2025-12-04', '2025-12-07', 600.00, 'BK276', 26),
(277, 'Rocket Raccoon', 1, '2025-12-09', '2025-12-12', 360.00, 'BK277', 27),
(278, 'Groot', 3, '2025-12-13', '2025-12-16', 1140.00, 'BK278', 28),
(279, 'Nebula', 2, '2025-12-18', '2025-12-21', 840.00, 'BK279', 29),
(280, 'Mantis', 1, '2025-12-23', '2025-12-26', 660.00, 'BK280', 30),
(281, 'Yondu', 1, '2025-07-26', '2025-07-29', 390.00, 'BK281', 31),
(282, 'Ego', 2, '2025-07-31', '2025-08-03', 510.00, 'BK282', 32),
(283, 'Thanos', 3, '2025-08-05', '2025-08-08', 600.00, 'BK283', 33),
(284, 'Loki', 2, '2025-08-12', '2025-08-15', 360.00, 'BK284', 34),
(285, 'Hela', 1, '2025-08-16', '2025-08-18', 340.00, 'BK285', 35),
(286, 'Valkyrie', 2, '2025-08-21', '2025-08-24', 855.00, 'BK286', 36),
(287, 'Odin', 1, '2025-08-26', '2025-08-29', 480.00, 'BK287', 37),
(288, 'Frigga', 3, '2025-08-31', '2025-09-03', 1260.00, 'BK288', 38),
(289, 'Heimdall', 2, '2025-09-05', '2025-09-08', 750.00, 'BK289', 39),
(290, 'Sif', 1, '2025-09-12', '2025-09-15', 600.00, 'BK290', 40),
(291, 'Volstagg', 2, '2025-09-16', '2025-09-19', 855.00, 'BK291', 41),
(292, 'Fandral', 1, '2025-09-21', '2025-09-24', 480.00, 'BK292', 42),
(293, 'Hogun', 3, '2025-09-26', '2025-09-29', 1260.00, 'BK293', 43),
(294, 'Jane Foster', 2, '2025-10-01', '2025-10-04', 600.00, 'BK294', 44),
(295, 'Darcy Lewis', 1, '2025-10-06', '2025-10-09', 525.00, 'BK295', 45),
(296, 'Erik Selvig', 2, '2025-10-12', '2025-10-15', 660.00, 'BK296', 46),
(297, 'Nick Fury', 1, '2025-10-16', '2025-10-19', 675.00, 'BK297', 47),
(298, 'Maria Hill', 3, '2025-10-21', '2025-10-24', 870.00, 'BK298', 48),
(299, 'Phil Coulson', 2, '2025-10-26', '2025-10-29', 780.00, 'BK299', 49),
(300, 'Pepper Potts', 1, '2025-10-31', '2025-11-03', 330.00, 'BK300', 50),
(301, 'Happy Hogan', 1, '2025-07-27', '2025-07-30', 360.00, 'BK301', 1),
(302, 'James Rhodes', 2, '2025-08-01', '2025-08-04', 465.00, 'BK302', 2),
(303, 'Peter Parker', 3, '2025-08-06', '2025-08-09', 780.00, 'BK303', 3),
(304, 'May Parker', 2, '2025-08-13', '2025-08-16', 615.00, 'BK304', 4),
(305, 'Ned Leeds', 1, '2025-08-17', '2025-08-19', 260.00, 'BK305', 5),
(306, 'MJ', 3, '2025-08-22', '2025-08-25', 1140.00, 'BK306', 6),
(307, 'Green Goblin', 2, '2025-08-27', '2025-08-30', 330.00, 'BK307', 7),
(308, 'Doctor Octopus', 1, '2025-09-01', '2025-09-03', 180.00, 'BK308', 8),
(309, 'Sandman', 3, '2025-09-06', '2025-09-09', 1230.00, 'BK309', 9),
(310, 'Venom', 2, '2025-09-13', '2025-09-16', 255.00, 'BK310', 10),
(311, 'Carnage', 1, '2025-09-17', '2025-09-20', 540.00, 'BK311', 11),
(312, 'Lizard', 2, '2025-09-22', '2025-09-25', 210.00, 'BK312', 12),
(313, 'Electro', 3, '2025-09-27', '2025-09-30', 1440.00, 'BK313', 13),
(314, 'Rhino', 2, '2025-10-02', '2025-10-05', 1140.00, 'BK314', 14),
(315, 'Vulture', 1, '2025-10-07', '2025-10-10', 480.00, 'BK315', 15),
(316, 'Mysterio', 3, '2025-10-13', '2025-10-16', 1560.00, 'BK316', 16),
(317, 'Kraven Hunter', 2, '2025-10-17', '2025-10-20', 1800.00, 'BK317', 17),
(318, 'Kingpin', 1, '2025-10-22', '2025-10-25', 360.00, 'BK318', 18),
(319, 'Daredevil', 3, '2025-10-27', '2025-10-30', 900.00, 'BK319', 19),
(320, 'Punisher', 2, '2025-11-01', '2025-11-04', 570.00, 'BK320', 20),
(321, 'Jessica Jones', 1, '2025-11-12', '2025-11-15', 330.00, 'BK321', 21),
(322, 'Luke Cage', 2, '2025-11-16', '2025-11-19', 615.00, 'BK322', 22),
(323, 'Iron Fist', 1, '2025-11-21', '2025-11-24', 450.00, 'BK323', 23),
(324, 'Deadpool', 2, '2025-11-26', '2025-11-29', 780.00, 'BK324', 24),
(325, 'Wolverine', 1, '2025-12-01', '2025-12-04', 510.00, 'BK325', 25),
(326, 'Storm', 2, '2025-12-06', '2025-12-09', 600.00, 'BK326', 26),
(327, 'Cyclops', 1, '2025-12-11', '2025-12-14', 360.00, 'BK327', 27),
(328, 'Jean Grey', 3, '2025-12-15', '2025-12-18', 1140.00, 'BK328', 28),
(329, 'Beast', 2, '2025-12-20', '2025-12-23', 840.00, 'BK329', 29),
(330, 'Iceman', 1, '2025-12-25', '2025-12-28', 660.00, 'BK330', 30),
(331, 'Nightcrawler', 1, '2025-07-28', '2025-07-31', 390.00, 'BK331', 31),
(332, 'Rogue', 2, '2025-08-02', '2025-08-05', 510.00, 'BK332', 32),
(333, 'Gambit', 3, '2025-08-07', '2025-08-10', 600.00, 'BK333', 33),
(334, 'Colossus', 2, '2025-08-14', '2025-08-17', 360.00, 'BK334', 34),
(335, 'Kitty Pryde', 1, '2025-08-18', '2025-08-20', 340.00, 'BK335', 35),
(336, 'Jubilee', 2, '2025-08-23', '2025-08-26', 855.00, 'BK336', 36),
(337, 'Angel', 1, '2025-08-28', '2025-08-31', 480.00, 'BK337', 37),
(338, 'Psylocke', 3, '2025-09-02', '2025-09-05', 1260.00, 'BK338', 38),
(339, 'Emma Frost', 2, '2025-09-07', '2025-09-10', 750.00, 'BK339', 39),
(340, 'Magneto', 1, '2025-09-14', '2025-09-17', 600.00, 'BK340', 40),
(341, 'Professor X', 2, '2025-09-18', '2025-09-21', 855.00, 'BK341', 41),
(342, 'Mystique', 1, '2025-09-23', '2025-09-26', 480.00, 'BK342', 42),
(343, 'Sabretooth', 3, '2025-09-28', '2025-10-01', 1260.00, 'BK343', 43),
(344, 'Juggernaut', 2, '2025-10-03', '2025-10-06', 600.00, 'BK344', 44),
(345, 'Apocalypse', 1, '2025-10-08', '2025-10-11', 525.00, 'BK345', 45),
(346, 'Sentinels', 2, '2025-10-14', '2025-10-17', 660.00, 'BK346', 46),
(347, 'Cable', 1, '2025-10-18', '2025-10-21', 675.00, 'BK347', 47),
(348, 'Domino', 3, '2025-10-23', '2025-10-26', 870.00, 'BK348', 48),
(349, 'Shatterstar', 2, '2025-10-28', '2025-10-31', 780.00, 'BK349', 49),
(350, 'Warpath', 1, '2025-11-02', '2025-11-05', 330.00, 'BK350', 50),
(351, 'Neo', 1, '2025-07-29', '2025-08-01', 360.00, 'BK351', 1),
(352, 'Morpheus', 2, '2025-08-03', '2025-08-06', 465.00, 'BK352', 2),
(353, 'Trinity', 3, '2025-08-08', '2025-08-11', 780.00, 'BK353', 3),
(354, 'Agent Smith', 2, '2025-08-15', '2025-08-18', 615.00, 'BK354', 4),
(355, 'Oracle', 1, '2025-08-19', '2025-08-21', 260.00, 'BK355', 5),
(356, 'Niobe', 3, '2025-08-24', '2025-08-27', 1140.00, 'BK356', 6),
(357, 'Commander Locke', 2, '2025-08-29', '2025-09-01', 330.00, 'BK357', 7),
(358, 'Link', 1, '2025-09-03', '2025-09-05', 180.00, 'BK358', 8),
(359, 'Zee', 3, '2025-09-08', '2025-09-11', 1230.00, 'BK359', 9),
(360, 'Dozer', 2, '2025-09-15', '2025-09-18', 255.00, 'BK360', 10),
(361, 'Tank', 1, '2025-09-19', '2025-09-22', 540.00, 'BK361', 11),
(362, 'Apoc', 2, '2025-09-24', '2025-09-27', 210.00, 'BK362', 12),
(363, 'Switch', 3, '2025-09-29', '2025-10-02', 1440.00, 'BK363', 13),
(364, 'Cypher', 2, '2025-10-04', '2025-10-07', 1140.00, 'BK364', 14),
(365, 'Mouse', 1, '2025-10-09', '2025-10-12', 480.00, 'BK365', 15),
(366, 'Persephone', 3, '2025-10-15', '2025-10-18', 1560.00, 'BK366', 16),
(367, 'Merovingian', 2, '2025-10-19', '2025-10-22', 1800.00, 'BK367', 17),
(368, 'Seraph', 1, '2025-10-24', '2025-10-27', 360.00, 'BK368', 18),
(369, 'Sati', 3, '2025-10-29', '2025-11-01', 900.00, 'BK369', 19),
(370, 'Rama-Kandra', 2, '2025-11-03', '2025-11-06', 570.00, 'BK370', 20),
(371, 'Architect', 1, '2025-11-14', '2025-11-17', 330.00, 'BK371', 21),
(372, 'Keymaker', 2, '2025-11-18', '2025-11-21', 615.00, 'BK372', 22),
(373, 'Twins', 1, '2025-11-23', '2025-11-26', 450.00, 'BK373', 23),
(374, 'Ghost', 2, '2025-11-28', '2025-12-01', 780.00, 'BK374', 24),
(375, 'Sparks', 1, '2025-12-03', '2025-12-06', 510.00, 'BK375', 25),
(376, 'Axel', 2, '2025-12-08', '2025-12-11', 600.00, 'BK376', 26),
(377, 'Vector', 1, '2025-12-13', '2025-12-16', 360.00, 'BK377', 27),
(378, 'Malachi', 3, '2025-12-17', '2025-12-20', 1140.00, 'BK378', 28),
(379, 'Ballard', 2, '2025-12-22', '2025-12-25', 840.00, 'BK379', 29),
(380, 'Cain', 1, '2025-12-27', '2025-12-30', 660.00, 'BK380', 30),
(381, 'Abel', 1, '2025-07-30', '2025-08-02', 390.00, 'BK381', 31),
(382, 'Bane', 2, '2025-08-04', '2025-08-07', 510.00, 'BK382', 32),
(383, 'Cas', 3, '2025-08-09', '2025-08-12', 600.00, 'BK383', 33),
(384, 'Deus', 2, '2025-08-16', '2025-08-19', 360.00, 'BK384', 34),
(385, 'Ice', 1, '2025-08-20', '2025-08-22', 340.00, 'BK385', 35),
(386, 'Jue', 2, '2025-08-25', '2025-08-28', 855.00, 'BK386', 36),
(387, 'Kali', 1, '2025-08-30', '2025-09-02', 480.00, 'BK387', 37),
(388, 'Maggie', 3, '2025-09-04', '2025-09-07', 1260.00, 'BK388', 38),
(389, 'Wurm', 2, '2025-09-09', '2025-09-12', 750.00, 'BK389', 39),
(390, 'Roland', 1, '2025-09-16', '2025-09-19', 600.00, 'BK390', 40),
(391, 'Mauser', 2, '2025-09-20', '2025-09-23', 855.00, 'BK391', 41),
(392, 'Cujo', 1, '2025-09-25', '2025-09-28', 480.00, 'BK392', 42),
(393, 'Oxide', 3, '2025-09-30', '2025-10-03', 1260.00, 'BK393', 43),
(394, 'Succubus', 2, '2025-10-05', '2025-10-08', 600.00, 'BK394', 44),
(395, 'Firewall', 1, '2025-10-10', '2025-10-13', 525.00, 'BK395', 45),
(396, 'Glitch', 2, '2025-10-16', '2025-10-19', 660.00, 'BK396', 46),
(397, 'Virus', 1, '2025-10-20', '2025-10-23', 675.00, 'BK397', 47),
(398, 'Trojan', 3, '2025-10-25', '2025-10-28', 870.00, 'BK398', 48),
(399, 'Spyware', 2, '2025-10-30', '2025-11-02', 780.00, 'BK399', 49),
(400, 'Malware', 1, '2025-11-04', '2025-11-07', 330.00, 'BK400', 50),
(401, 'Ransomware', 1, '2025-07-31', '2025-08-03', 360.00, 'BK401', 1),
(402, 'Phishing', 2, '2025-08-05', '2025-08-08', 465.00, 'BK402', 2),
(403, 'Keylogger', 3, '2025-08-10', '2025-08-13', 780.00, 'BK403', 3),
(404, 'Backdoor', 2, '2025-08-17', '2025-08-20', 615.00, 'BK404', 4),
(405, 'Rootkit', 1, '2025-08-21', '2025-08-23', 260.00, 'BK405', 5),
(406, 'Botnet', 3, '2025-08-26', '2025-08-29', 1140.00, 'BK406', 6),
(407, 'Worm', 2, '2025-08-31', '2025-09-03', 330.00, 'BK407', 7),
(408, 'Adware', 1, '2025-09-05', '2025-09-07', 180.00, 'BK408', 8),
(409, 'Scareware', 3, '2025-09-10', '2025-09-13', 1230.00, 'BK409', 9),
(410, 'Rogue', 2, '2025-09-17', '2025-09-20', 255.00, 'BK410', 10),
(411, 'Logic Bomb', 1, '2025-09-21', '2025-09-24', 540.00, 'BK411', 11),
(412, 'Time Bomb', 2, '2025-09-26', '2025-09-29', 210.00, 'BK412', 12),
(413, 'Fork Bomb', 3, '2025-10-01', '2025-10-04', 1440.00, 'BK413', 13),
(414, 'Zip Bomb', 2, '2025-10-06', '2025-10-09', 1140.00, 'BK414', 14),
(415, 'Email Bomb', 1, '2025-10-11', '2025-10-14', 480.00, 'BK415', 15),
(416, 'Browser Hijacker', 3, '2025-10-17', '2025-10-20', 1560.00, 'BK416', 16),
(417, 'Clickjacking', 2, '2025-10-21', '2025-10-24', 1800.00, 'BK417', 17),
(418, 'Cross-Site Scripting', 1, '2025-10-26', '2025-10-29', 360.00, 'BK418', 18),
(419, 'SQL Injection', 3, '2025-10-31', '2025-11-03', 900.00, 'BK419', 19),
(420, 'Buffer Overflow', 2, '2025-11-05', '2025-11-08', 570.00, 'BK420', 20),
(421, 'DDoS Attack', 1, '2025-11-16', '2025-11-19', 330.00, 'BK421', 21),
(422, 'Man-in-Middle', 2, '2025-11-20', '2025-11-23', 615.00, 'BK422', 22),
(423, 'Session Hijacking', 1, '2025-11-25', '2025-11-28', 450.00, 'BK423', 23),
(424, 'DNS Poisoning', 2, '2025-11-30', '2025-12-03', 780.00, 'BK424', 24),
(425, 'ARP Spoofing', 1, '2025-12-05', '2025-12-08', 510.00, 'BK425', 25),
(426, 'IP Spoofing', 2, '2025-12-10', '2025-12-13', 600.00, 'BK426', 26),
(427, 'MAC Spoofing', 1, '2025-12-15', '2025-12-18', 360.00, 'BK427', 27),
(428, 'Evil Twin', 3, '2025-12-19', '2025-12-22', 1140.00, 'BK428', 28),
(429, 'Wardriving', 2, '2025-12-24', '2025-12-27', 840.00, 'BK429', 29),
(430, 'Bluejacking', 1, '2025-12-29', '2026-01-01', 660.00, 'BK430', 30),
(431, 'Bluesnarfing', 1, '2025-08-01', '2025-08-04', 390.00, 'BK431', 31),
(432, 'Smishing', 2, '2025-08-06', '2025-08-09', 510.00, 'BK432', 32),
(433, 'Vishing', 3, '2025-08-11', '2025-08-14', 600.00, 'BK433', 33),
(434, 'Pharming', 2, '2025-08-18', '2025-08-21', 360.00, 'BK434', 34),
(435, 'Whaling', 1, '2025-08-22', '2025-08-24', 340.00, 'BK435', 35),
(436, 'Spear Phishing', 2, '2025-08-27', '2025-08-30', 855.00, 'BK436', 36),
(437, 'Watering Hole', 1, '2025-09-01', '2025-09-04', 480.00, 'BK437', 37),
(438, 'Typosquatting', 3, '2025-09-06', '2025-09-09', 1260.00, 'BK438', 38),
(439, 'Cybersquatting', 2, '2025-09-11', '2025-09-14', 750.00, 'BK439', 39),
(440, 'Domain Hijacking', 1, '2025-09-18', '2025-09-21', 600.00, 'BK440', 40),
(441, 'URL Hijacking', 2, '2025-09-22', '2025-09-25', 855.00, 'BK441', 41),
(442, 'Social Engineering', 1, '2025-09-27', '2025-09-30', 480.00, 'BK442', 42),
(443, 'Pretexting', 3, '2025-10-02', '2025-10-05', 1260.00, 'BK443', 43),
(444, 'Baiting', 2, '2025-10-07', '2025-10-10', 600.00, 'BK444', 44),
(445, 'Quid Pro Quo', 1, '2025-10-12', '2025-10-15', 525.00, 'BK445', 45),
(446, 'Tailgating', 2, '2025-10-18', '2025-10-21', 660.00, 'BK446', 46),
(447, 'Shoulder Surfing', 1, '2025-10-22', '2025-10-25', 675.00, 'BK447', 47),
(448, 'Dumpster Diving', 3, '2025-10-27', '2025-10-30', 870.00, 'BK448', 48),
(449, 'Eavesdropping', 2, '2025-11-01', '2025-11-04', 780.00, 'BK449', 49),
(450, 'Wiretapping', 1, '2025-11-06', '2025-11-09', 330.00, 'BK450', 50),
(451, 'Honeypot', 1, '2025-08-02', '2025-08-05', 360.00, 'BK451', 1),
(452, 'Honeynet', 2, '2025-08-07', '2025-08-10', 465.00, 'BK452', 2),
(453, 'Darknet', 3, '2025-08-12', '2025-08-15', 780.00, 'BK453', 3),
(454, 'Deep Web', 2, '2025-08-19', '2025-08-22', 615.00, 'BK454', 4),
(455, 'Tor Browser', 1, '2025-08-23', '2025-08-25', 260.00, 'BK455', 5),
(456, 'Onion Router', 3, '2025-08-28', '2025-08-31', 1140.00, 'BK456', 6),
(457, 'Anonymous', 2, '2025-09-02', '2025-09-05', 330.00, 'BK457', 7),
(458, 'LulzSec', 1, '2025-09-07', '2025-09-09', 180.00, 'BK458', 8),
(459, 'WikiLeaks', 3, '2025-09-12', '2025-09-15', 1230.00, 'BK459', 9),
(460, 'Edward Snowden', 2, '2025-09-19', '2025-09-22', 255.00, 'BK460', 10),
(461, 'Julian Assange', 1, '2025-09-23', '2025-09-26', 540.00, 'BK461', 11),
(462, 'Chelsea Manning', 2, '2025-09-28', '2025-10-01', 210.00, 'BK462', 12),
(463, 'Aaron Swartz', 3, '2025-10-03', '2025-10-06', 1440.00, 'BK463', 13),
(464, 'Kevin Mitnick', 2, '2025-10-08', '2025-10-11', 1140.00, 'BK464', 14),
(465, 'Gary McKinnon', 1, '2025-10-13', '2025-10-16', 480.00, 'BK465', 15),
(466, 'Adrian Lamo', 3, '2025-10-19', '2025-10-22', 1560.00, 'BK466', 16),
(467, 'Albert Gonzalez', 2, '2025-10-23', '2025-10-26', 1800.00, 'BK467', 17),
(468, 'Jonathan James', 1, '2025-10-28', '2025-10-31', 360.00, 'BK468', 18),
(469, 'Robert Morris', 3, '2025-11-02', '2025-11-05', 900.00, 'BK469', 19),
(470, 'David Smith', 2, '2025-11-07', '2025-11-10', 570.00, 'BK470', 20),
(471, 'Onel de Guzman', 1, '2025-11-18', '2025-11-21', 330.00, 'BK471', 21),
(472, 'Sven Jaschan', 2, '2025-11-22', '2025-11-25', 615.00, 'BK472', 22),
(473, 'Jeffrey Parson', 1, '2025-11-27', '2025-11-30', 450.00, 'BK473', 23),
(474, 'Alexey Ivanov', 2, '2025-12-02', '2025-12-05', 780.00, 'BK474', 24),
(475, 'Vasily Gorshkov', 1, '2025-12-07', '2025-12-10', 510.00, 'BK475', 25),
(476, 'Vladimir Levin', 2, '2025-12-12', '2025-12-15', 600.00, 'BK476', 26),
(477, 'Ehud Tenenbaum', 1, '2025-12-17', '2025-12-20', 360.00, 'BK477', 27),
(478, 'Rafael Nunez', 3, '2025-12-21', '2025-12-24', 1140.00, 'BK478', 28),
(479, 'Carlos Salgado', 2, '2025-12-26', '2025-12-29', 840.00, 'BK479', 29),
(480, 'Max Butler', 1, '2025-12-31', '2026-01-03', 660.00, 'BK480', 30),
(481, 'Roman Seleznev', 1, '2025-08-03', '2025-08-06', 390.00, 'BK481', 31),
(482, 'Evgeniy Bogachev', 2, '2025-08-08', '2025-08-11', 510.00, 'BK482', 32),
(483, 'Aleksandr Panin', 3, '2025-08-13', '2025-08-16', 600.00, 'BK483', 33),
(484, 'Hamza Bendelladj', 2, '2025-08-20', '2025-08-23', 360.00, 'BK484', 34),
(485, 'Petre Sapunaru', 1, '2025-08-24', '2025-08-26', 340.00, 'BK485', 35),
(486, 'Bogdan Nicolescu', 2, '2025-08-29', '2025-09-01', 855.00, 'BK486', 36),
(487, 'Radu Coravu', 1, '2025-09-03', '2025-09-06', 480.00, 'BK487', 37),
(488, 'Tiberiu Cazacu', 3, '2025-09-08', '2025-09-11', 1260.00, 'BK488', 38),
(489, 'Mihai Paunescu', 2, '2025-09-13', '2025-09-16', 750.00, 'BK489', 39),
(490, 'Gery Shalon', 1, '2025-09-20', '2025-09-23', 600.00, 'BK490', 40),
(491, 'Joshua Aaron', 2, '2025-09-24', '2025-09-27', 855.00, 'BK491', 41),
(492, 'Ziv Orenstein', 1, '2025-09-29', '2025-10-02', 480.00, 'BK492', 42),
(493, 'Anthony Murgio', 3, '2025-10-04', '2025-10-07', 1260.00, 'BK493', 43),
(494, 'Yuriy Konovalenko', 2, '2025-10-09', '2025-10-12', 600.00, 'BK494', 44),
(495, 'Nikita Kislitsin', 1, '2025-10-14', '2025-10-17', 525.00, 'BK495', 45),
(496, 'Maksim Yakubets', 2, '2025-10-20', '2025-10-23', 660.00, 'BK496', 46),
(497, 'Igor Turashev', 1, '2025-10-24', '2025-10-27', 675.00, 'BK497', 47),
(498, 'Dmitry Smilianets', 3, '2025-10-29', '2025-11-01', 870.00, 'BK498', 48),
(499, 'Vladimir Drinkman', 2, '2025-11-03', '2025-11-06', 780.00, 'BK499', 49),
(500, 'Alexandr Kalinin', 1, '2025-11-08', '2025-11-11', 330.00, 'BK500', 50);

-- Insert Booking-Room relationships (junction table)
INSERT INTO "BookingRooms" ("BookingId", "RoomId") VALUES
-- Bookings 1-50: Politicians and Historical Figures
(1, 3), (2, 7), (3, 17), (4, 21), (5, 25), (6, 35), (7, 37), (8, 43), (9, 53), (10, 57),
(11, 61), (12, 67), (13, 77), (14, 81), (15, 85), (16, 95), (17, 99), (18, 103), (19, 113), (20, 117),
(21, 121), (22, 129), (23, 133), (24, 141), (25, 145), (26, 153), (27, 157), (28, 167), (29, 171), (30, 175),
(31, 181), (32, 187), (33, 193), (34, 199), (35, 205), (36, 213), (37, 217), (38, 227), (39, 231), (40, 235),
(41, 241), (42, 247), (43, 257), (44, 259), (45, 265), (46, 271), (47, 277), (48, 287), (49, 289), (50, 295),

-- Bookings 51-100: Harry Potter Characters  
(51, 1), (52, 8), (53, 15), (54, 22), (55, 26), (56, 33), (57, 38), (58, 44), (59, 51), (60, 58),
(61, 62), (62, 68), (63, 75), (64, 82), (65, 86), (66, 93), (67, 100), (68, 104), (69, 111), (70, 118),
(71, 122), (72, 127), (73, 134), (74, 139), (75, 146), (76, 151), (77, 158), (78, 163), (79, 170), (80, 176),
(81, 182), (82, 188), (83, 194), (84, 200), (85, 206), (86, 211), (87, 218), (88, 223), (89, 230), (90, 236),
(91, 242), (92, 248), (93, 253), (94, 260), (95, 266), (96, 272), (97, 278), (98, 283), (99, 290), (100, 296),

-- Bookings 101-150: Muppets and Wallace & Gromit Characters
(101, 2), (102, 9), (103, 16), (104, 19), (105, 27), (106, 34), (107, 39), (108, 45), (109, 52), (110, 59),
(111, 63), (112, 69), (113, 76), (114, 79), (115, 87), (116, 94), (117, 97), (118, 105), (119, 112), (120, 119),
(121, 123), (122, 128), (123, 135), (124, 140), (125, 147), (126, 152), (127, 159), (128, 164), (129, 172), (130, 177),
(131, 183), (132, 189), (133, 195), (134, 201), (135, 207), (136, 212), (137, 219), (138, 224), (139, 232), (140, 237),
(141, 243), (142, 249), (143, 254), (144, 261), (145, 267), (146, 273), (147, 279), (148, 284), (149, 291), (150, 297),

-- Bookings 151-200: Monster Movies and Star Wars Characters
(151, 4), (152, 10), (153, 18), (154, 20), (155, 28), (156, 36), (157, 40), (158, 46), (159, 54), (160, 60),
(161, 64), (162, 70), (163, 78), (164, 83), (165, 88), (166, 96), (167, 101), (168, 106), (169, 114), (170, 120),
(171, 124), (172, 130), (173, 136), (174, 142), (175, 148), (176, 154), (177, 160), (178, 168), (179, 173), (180, 178),
(181, 184), (182, 190), (183, 196), (184, 202), (185, 208), (186, 214), (187, 220), (188, 225), (189, 233), (190, 238),
(191, 244), (192, 250), (193, 255), (194, 262), (195, 268), (196, 274), (197, 280), (198, 285), (199, 292), (200, 298),

-- Bookings 201-250: Lord of the Rings Characters
(201, 5), (202, 11), (203, 13), (204, 23), (205, 29), (206, 31), (207, 41), (208, 47), (209, 49), (210, 55),
(211, 65), (212, 71), (213, 73), (214, 84), (215, 89), (216, 91), (217, 102), (218, 107), (219, 109), (220, 115),
(221, 125), (222, 131), (223, 137), (224, 143), (225, 149), (226, 155), (227, 161), (228, 169), (229, 174), (230, 179),
(231, 185), (232, 191), (233, 197), (234, 203), (235, 209), (236, 215), (237, 221), (238, 226), (239, 234), (240, 239),
(241, 245), (242, 251), (243, 256), (244, 263), (245, 269), (246, 275), (247, 281), (248, 286), (249, 293), (250, 299),

-- Bookings 251-300: Superhero Characters
(251, 6), (252, 12), (253, 14), (254, 24), (255, 30), (256, 32), (257, 42), (258, 48), (259, 50), (260, 56),
(261, 66), (262, 72), (263, 74), (264, 80), (265, 90), (266, 92), (267, 98), (268, 108), (269, 110), (270, 116),
(271, 126), (272, 132), (273, 138), (274, 144), (275, 150), (276, 156), (277, 162), (278, 165), (279, 175), (280, 180),
(281, 186), (282, 192), (283, 198), (284, 204), (285, 210), (286, 216), (287, 222), (288, 228), (289, 235), (290, 240),
(291, 246), (292, 252), (293, 258), (294, 264), (295, 270), (296, 276), (297, 282), (298, 288), (299, 294), (300, 300),

-- Bookings 301-350: Marvel Characters
(301, 1), (302, 7), (303, 17), (304, 21), (305, 25), (306, 35), (307, 37), (308, 43), (309, 53), (310, 57),
(311, 61), (312, 67), (313, 77), (314, 81), (315, 85), (316, 95), (317, 99), (318, 103), (319, 113), (320, 117),
(321, 121), (322, 129), (323, 133), (324, 141), (325, 145), (326, 153), (327, 157), (328, 167), (329, 171), (330, 175),
(331, 181), (332, 187), (333, 193), (334, 199), (335, 205), (336, 213), (337, 217), (338, 227), (339, 231), (340, 235),
(341, 241), (342, 247), (343, 257), (344, 259), (345, 265), (346, 271), (347, 277), (348, 287), (349, 289), (350, 295),

-- Bookings 351-400: Matrix and Cyberpunk Characters
(351, 2), (352, 8), (353, 15), (354, 22), (355, 26), (356, 33), (357, 38), (358, 44), (359, 51), (360, 58),
(361, 62), (362, 68), (363, 75), (364, 82), (365, 86), (366, 93), (367, 100), (368, 104), (369, 111), (370, 118),
(371, 122), (372, 127), (373, 134), (374, 139), (375, 146), (376, 151), (377, 158), (378, 163), (379, 170), (380, 176),
(381, 182), (382, 188), (383, 194), (384, 200), (385, 206), (386, 211), (387, 218), (388, 223), (389, 230), (390, 236),
(391, 242), (392, 248), (393, 253), (394, 260), (395, 266), (396, 272), (397, 278), (398, 283), (399, 290), (400, 296),

-- Bookings 401-450: Cybersecurity Themed Characters
(401, 3), (402, 9), (403, 16), (404, 19), (405, 27), (406, 34), (407, 39), (408, 45), (409, 52), (410, 59),
(411, 63), (412, 69), (413, 76), (414, 79), (415, 87), (416, 94), (417, 97), (418, 105), (419, 112), (420, 119),
(421, 123), (422, 128), (423, 135), (424, 140), (425, 147), (426, 152), (427, 159), (428, 164), (429, 172), (430, 177),
(431, 183), (432, 189), (433, 195), (434, 201), (435, 207), (436, 212), (437, 219), (438, 224), (439, 232), (440, 237),
(441, 243), (442, 249), (443, 254), (444, 261), (445, 267), (446, 273), (447, 279), (448, 284), (449, 291), (450, 297),

-- Bookings 451-500: Famous Hackers and Digital Characters
(451, 4), (452, 10), (453, 18), (454, 20), (455, 28), (456, 36), (457, 40), (458, 46), (459, 54), (460, 60),
(461, 64), (462, 70), (463, 78), (464, 83), (465, 88), (466, 96), (467, 101), (468, 106), (469, 114), (470, 120),
(471, 124), (472, 130), (473, 136), (474, 142), (475, 148), (476, 154), (477, 160), (478, 168), (479, 173), (480, 178),
(481, 184), (482, 190), (483, 196), (484, 202), (485, 208), (486, 214), (487, 220), (488, 225), (489, 233), (490, 238),
(491, 244), (492, 250), (493, 255), (494, 262), (495, 268), (496, 274), (497, 280), (498, 285), (499, 292), (500, 298);

-- Reset sequences to continue from the highest ID
SELECT setval('"Hotels_Id_seq"', (SELECT MAX("Id") FROM "Hotels"));
SELECT setval('"RoomTypes_Id_seq"', (SELECT MAX("Id") FROM "RoomTypes"));
SELECT setval('"Rooms_Id_seq"', (SELECT MAX("Id") FROM "Rooms"));
SELECT setval('"Bookings_Id_seq"', (SELECT MAX("Id") FROM "Bookings"));